name,artist,release_date,length,featured_artists
Smells Like Teen Spirit,Nirvana,1991-01-01,5.032,"Spin Doctors, George Harrison, Aerosmith, Quiet Riot, No Doubt"
Stairway to Heaven - Remaster,Led Zeppelin,1971-01-01,8.047166667,Joe Cocker
Bohemian Rhapsody - Remastered 2011,Queen,1975-01-01,5.905333333,"Billy Joel, Pink Floyd, Kate Bush"
Imagine - Remastered 2010,John Lennon,1971-01-01,3.1311,
(I Can't Get No) Satisfaction - Mono Version,The Rolling Stones,1965-01-01,371.355,The Kinks
Hotel California - 2013 Remaster,Eagles,1976-01-01,6.522933333,Daryl Hall & John Oates
Enter Sandman,Metallica,1991-01-01,5.526216667,"Starship, Nirvana"
Whole Lotta Love - 1990 Remaster,Led Zeppelin,1969-01-01,5.564883333,"Chuck Berry, Derek & The Dominos"
Comfortably Numb,Pink Floyd,1979-01-01,6.3716,"Neil Young, John Denver"
One,U2,1991-01-01,4.6031,
Born to Run,Bruce Springsteen,1975-01-01,4.498666667,"Electric Light Orchestra, AC/DC, KISS, KISS, Diana Ross"
Smoke on the Water,Deep Purple,1972-01-01,5.702883333,"Ringo Starr, Fleetwood Mac, The Rolling Stones"
Hey Jude - Remastered 2015,The Beatles,2000-01-01,7.094216667,"Alanis Morissette, Kelly Clarkson, Eagle-Eye Cherry, Maroon 5"
Paranoid - 2012 - Remaster,Black Sabbath,1970-01-01,280.675,"Eagles, Bachman-Turner Overdrive, David Bowie, Rod Stewart"
Seven Nation Army,The White Stripes,2003-01-01,3.862216667,"Jet, Coldplay, Amy Winehouse"
Free Bird,Lynyrd Skynyrd,1973-01-01,9.118433333,Boz Scaggs
Back In Black,AC/DC,1980-01-01,4.258216667,"Queen, Rick James, Fleetwood Mac, Michael Jackson, David Bowie"
Sympathy For The Devil - 50th Anniversary Edition,The Rolling Stones,1968-01-01,6.302433333,"The Who, The Beach Boys, The Lovin' Spoonful, Eagles, The Who"
Wish You Were Here,Pink Floyd,1975-01-01,557.905,Johnny Cash
With Or Without You - Remastered,U2,1987-01-01,492.525,
Sweet Child O' Mine,Guns N' Roses,1987-01-01,5.908666667,Pantera
I Still Haven't Found What I'm Looking For,U2,1987-01-01,4.6246,"Tom Petty and the Heartbreakers, Queen, Simple Minds"
Like a Rolling Stone,Bob Dylan,1965-01-01,6.16,"Jimi Hendrix, Black Sabbath"
All Along the Watchtower,Jimi Hendrix,1968-01-01,4.013333333,"Elvis Presley, The Beatles, Led Zeppelin"
Under the Bridge,Red Hot Chili Peppers,1991-01-01,4.4051,"Crowded House, R.E.M., Bobby Helms"
Creep,Radiohead,1993-01-01,3.977333333,Bryan Adams
Kashmir - 1990 Remaster,Led Zeppelin,1975-01-01,8.47,"David Bowie, Black Sabbath, Steely Dan, Black Sabbath"
Light My Fire,The Doors,1967-01-01,7.162666667,"Three Dog Night, Led Zeppelin, The Temptations"
My Generation - Stereo Version,The Who,1965-01-01,3.311766667,"The Doors, Creedence Clearwater Revival"
More Than a Feeling,Boston,1976-01-01,4.752216667,"Earth, Wind & Fire, Eagles, David Bowie"
Another Brick in the Wall,Pink Floyd,1979-01-01,3.9791,"Fleetwood Mac, Nazareth"
Layla,Derek & The Dominos,1970-01-01,7.064,"Faces, Stevie Wonder, Led Zeppelin, The Beatles"
Gimme Shelter,The Rolling Stones,1969-01-01,4.512883333,
You Shook Me All Night Long,AC/DC,1980-01-01,3.502883333,
Alive,Pearl Jam,1991-01-01,5.681783333,"Beastie Boys, The Presidents Of The United States Of America"
Won't Get Fooled Again - Original Album Version,The Who,1971-01-01,8.523333333,
London Calling - Remastered,The Clash,1979-01-01,3.341333333,"Patti Smith, The Police"
Come As You Are,Nirvana,1991-01-01,3.648666667,
Purple Haze,Jimi Hendrix,1967-01-01,2.846883333,"The Beatles, Derek & The Dominos, The Hollies, The Kinks"
Pride (In The Name Of Love) - Remastered 2009,U2,1984-01-01,3.8071,
Dream On,Aerosmith,1973-01-01,4.449333333,"Rod Stewart, The Rolling Stones"
Sunday Bloody Sunday - Remastered 2008,U2,1983-01-01,4.657333333,"Rush, Bon Jovi, AC/DC, Beastie Boys"
Rock and Roll - Remaster,Led Zeppelin,1971-01-01,3.676,"ZZ Top, Derek & The Dominos"
In My Life - Remastered 2009,The Beatles,1965-01-01,2.438883333,
Let It Be - Remastered 2009,The Beatles,1970-01-01,4.050433333,"Aerosmith, Yusuf / Cat Stevens, The Monkees, Lou Reed"
Baba O'Riley,The Who,1971-01-01,5.006666667,"AC/DC, Carly Simon"
Jeremy,Pearl Jam,1991-01-01,5.303766667,Aerosmith
Welcome To The Jungle,Guns N' Roses,1987-01-01,4.533766667,"Dead Or Alive, Faith No More, Spin Doctors, George Harrison, Billy Joel"
Bitter Sweet Symphony,The Verve,1997-01-01,5.954433333,Nirvana
Roxanne,The Police,1978-01-01,3.1991,"Earth, Wind & Fire, Jackson Browne, Aerosmith, The Knack"
Money,Pink Floyd,1973-01-01,6.380566667,Rod Stewart
Every Breath You Take - Remastered 2003,The Police,1983-01-01,4.231433333,Lillian Axe
A Day In The Life - Remastered 2009,The Beatles,1967-01-01,562.355,The Rolling Stones
Sweet Emotion,Aerosmith,1975-01-01,4.568883333,Thin Lizzy
Born To Be Wild - Single Version,Steppenwolf,1968-01-01,3.548216667,"Bob Dylan, Led Zeppelin"
New Year's Day - Single Edit - Remastered,U2,1983-01-01,392.955,Paul Simon
Paint It,The Rolling Stones,1966-01-01,3.3711,"Big Brother & The Holding Company, The Beatles, The Beatles, Steppenwolf"
Black Dog - Remaster,Led Zeppelin,1971-01-01,4.9231,
Basket Case,Green Day,1994-01-01,302.555,"The Verve, Lenny Kravitz, Santana, The Offspring"
November Rain,Guns N' Roses,1991-01-01,8.934433333,"The Cranberries, Cher, Phil Collins, Soul Asylum"
Even Flow,Pearl Jam,1991-01-01,4.876333333,
You Can't Always Get What You Want,The Rolling Stones,1969-01-01,7.478666667,"The Supremes, The Doors, Marvin Gaye, Creedence Clearwater Revival"
Money for Nothing,Dire Straits,1985-01-01,8.44,The Black Sorrows
Nothing Else Matters,Metallica,1991-01-01,6.478883333,Glenn Medeiros
Everlong,Foo Fighters,1997-01-01,4.175766667,"Soundgarden, Nirvana"
Angie,The Rolling Stones,1973-01-01,4.533333333,"Eagles, Pink Floyd, David Bowie, Cheap Trick"
Jump - 2015 Remaster,Van Halen,1984-01-01,402.665,
(Don't Fear) The Reaper,Blue Öyster Cult,1976-01-01,5.135333333,"AC/DC, Van Halen, Bruce Springsteen"
Come Together - Remastered 2009,The Beatles,1969-01-01,4.332433333,
Jumpin’ Jack Flash - Live,The Rolling Stones,2020-01-01,6.601333333,"Damaged Bug, King Gizzard & The Lizard Wizard"
Time,Pink Floyd,1973-01-01,6.899116667,"Jimmy Buffett, Joe Walsh"
Should I Stay or Should I Go - Remastered,The Clash,1982-01-01,3.149766667,"The Cure, The Police, Eddie Money, Europe"
Mr. Brightside,The Killers,2004-01-01,3.709766667,"Sum 41, Red Hot Chili Peppers"
Beautiful Day,U2,2000-01-01,4.106666667,"Sepultura, Audioslave"
House Of The Rising Sun,The Animals,1964-01-01,4.521333333,"The Beatles, The Lovin' Spoonful, The Rolling Stones"
Lola - Coca Cola Version,The Kinks,1970-01-01,4.017333333,"The Doobie Brothers, Stevie Wonder"
Loser,Beck,1994-01-01,3.916666667,"Bad English, Lenny Kravitz"
Killing In The Name,Rage Against The Machine,1992-01-01,5.226216667,"Third Eye Blind, Tom Petty and the Heartbreakers, Guns N' Roses, U2"
All My Life,Foo Fighters,2002-01-01,4.378883333,"Stevie Wonder, CMH Steel"
Walk This Way,Aerosmith,1975-01-01,3.673333333,"Eagles, Fleetwood Mac, Dolly Parton"
Sultans of Swing,Dire Straits,1978-01-01,5.84,"Meat Loaf, DEVO"
We Will Rock You - Remastered,Queen,1977-01-01,2.034433333,"38 Special, Bee Gees, Heart, Dire Straits"
Song 2 - 2012 Remaster,Blur,1997-01-01,2.019333333,
Love Will Tear Us Apart - 2010 Remaster,Joy Division,2010-01-01,341.035,
Where The Streets Have No Name - Remastered,U2,1987-01-01,5.625083333,
In the End,Linkin Park,2000-01-01,3.614666667,"Third Eye Blind, Green Day"
Good Vibrations - Remastered,The Beach Boys,1967-01-01,3.650433333,"Buffalo Springfield, Van Morrison"
All Right Now,Free,1970-01-01,5.510716667,"The Moody Blues, Creedence Clearwater Revival, America"
Changes - 2015 Remaster,David Bowie,1971-01-01,3.6291,"The Beatles, Fleetwood Mac, Deep Purple, John Denver, Bob Dylan"
Paradise City,Guns N' Roses,1987-01-01,6.771766667,"Bon Jovi, Bon Jovi, Van Halen, Tom Cochrane"
One (Remastered),Metallica,1988-01-01,743.575,Paul Simon
Hey Joe,Jimi Hendrix,1967-01-01,3.502666667,
Sunshine Of Your Love,Cream,2004-01-01,4.173333333,"Snow Patrol, Coldplay, Blur"
Give It Away,Red Hot Chili Peppers,1991-01-01,4.7151,
Take Me Out,Franz Ferdinand,2004-01-01,3.950433333,Blur
Sweet Home Alabama,Lynyrd Skynyrd,1974-01-01,4.73,"The Knack, The Doobie Brothers, The Beatles, America, Elton John"
Highway to Hell,AC/DC,1979-01-01,3.473333333,"Billy Joel, The Rolling Stones, Bryan Adams, Fleetwood Mac, KISS"
L.A. Woman,The Doors,1971-01-01,7.852666667,"The Beatles, Thin Lizzy, Yes, The Who, Pink Floyd"
American Idiot,Green Day,2004-01-01,2.9391,"blink-182, Alien Ant Farm, Muse"
Black Hole Sun,Soundgarden,1994-01-01,5.309766667,"Foo Fighters, R.E.M."
Maggie May,Rod Stewart,1971-01-01,5.837766667,"Creedence Clearwater Revival, The Beach Boys, The Doobie Brothers, Stevie Wonder, The Doors"
It's The End Of The World As We Know It (And I Feel Fine),R.E.M.,1987-01-01,411.555,"Billy Joel, Mötley Crüe, Falco"
Once in a Lifetime - 2005 Remaster,Talking Heads,1980-01-01,4.331766667,"The Rolling Stones, Bruce Springsteen, DEVO, Sister Sledge, Dire Straits"
Strawberry Fields Forever - Remastered 2009,The Beatles,1967-01-01,4.122,The Animals
Riders on the Storm,The Doors,1971-01-01,7.245333333,"Eagles, Three Dog Night, The Rolling Stones, The Guess Who"
Thunderstruck,AC/DC,1990-01-01,4.881333333,"Guns N' Roses, Dead Or Alive, Metallica"
Wonderwall - Remastered,Oasis,1995-01-01,4.3122,"Garbage, Powerman 5000, Cracker"
Good Riddance (Time of Your Life),Green Day,1997-01-01,2.557766667,"Radiohead, Afroman, UB40"
The Boys Are Back In Town,Thin Lizzy,1976-01-01,4.445333333,"Ramones, Earth, Wind & Fire"
Interstate Love Song - 2019 Remaster,Stone Temple Pilots,1994-01-01,324.755,"Red Hot Chili Peppers, Texas, The Beloved, The Presidents Of The United States Of America, Pearl Jam"
Start Me Up - Remastered,The Rolling Stones,1981-01-01,3.5511,"Katrina & The Waves, Patrick Hernandez, The Cure, Iron Maiden, Meat Loaf"
Blitzkrieg Bop - 2016 Remaster,Ramones,1976-01-01,2.2411,"Stevie Wonder, Commodores, Meat Loaf"
Fight For Your Right,Beastie Boys,1986-01-01,347.755,Talk Talk
The One I Love - Remastered,R.E.M.,1987-01-01,3.296666667,Tears For Fears
Walk On the Wild Side,Lou Reed,1972-01-01,4.236216667,"Pink Floyd, Nick Drake"
Under Pressure - (Tribute to Queen & David Bowie),Studio Allstars,2009-01-01,3.786883333,"Ameritz Audio Karaoke, The Crazy Horses, Sing Karaoke Sing, Players Since Creation, Singer's Edge Karaoke"
Yellow,Coldplay,2000-01-01,4.446216667,Various Artists
Ramble On - 1990 Remaster,Led Zeppelin,1969-01-01,4.388883333,"Mott The Hoople, The Beatles"
We Are The Champions - Remastered 2011,Queen,1977-01-01,2.986666667,Bruce Springsteen
Go Your Own Way - 2004 Remaster,Fleetwood Mac,1977-01-01,3.726883333,"Elton John, The Doobie Brothers, Electric Light Orchestra, Donna Summer"
Numb,Linkin Park,2003-01-01,3.0931,"New Radicals, Jet, Kid Rock"
Blue Monday - 2016 Remaster,New Order,2005-01-01,7.513333333,TOOL
While My Guitar Gently Weeps - Third Version / Take 27,The Beatles,2018-01-01,3.288433333,
I Love Rock 'N Roll,Joan Jett & The Blackhearts,1981-01-01,291.955,"Rod Stewart, Queen"
White Room,Cream,1968-01-01,4.972216667,
How You Remind Me,Nickelback,2001-01-01,3.730666667,"Journey, Linkin Park, Blur, Green Day"
Space Oddity - 2015 Remaster,David Bowie,1969-01-01,531.355,
The Weight - Remastered,The Band,1968-01-01,4.574883333,"The Beach Boys, Grateful Dead, Cream, The Supremes"
Sledgehammer - 2012 Remaster,Peter Gabriel,1986-01-01,5.199766667,"The Human League, Robert Plant, Mötley Crüe, R.E.M., Indigo Girls"
Mysterious Ways,U2,1991-01-01,4.059766667,"The Church, The Commitments, Nine Inch Nails, Ozzy Osbourne, Nirvana"
Bring Me To Life,Evanescence,2003-01-01,393.155,"Saliva, Thirty Seconds To Mars"
You Really Got Me - Mono Mix,The Kinks,1964-01-01,223.755,"The Beatles, Bob Seger"
Been Caught Stealing,Jane's Addiction,1990-01-01,3.578433333,"Neil Young, Tripping Daisy, Ozzy Osbourne"
Plush - 2017 Remaster,Stone Temple Pilots,1992-01-01,5.232433333,
Rock the Casbah - Remastered,The Clash,1982-01-01,3.7071,"Donna Summer, Iggy Pop, Guns N' Roses, Supertramp, KISS"
Foxey Lady,Jimi Hendrix,1997-01-01,3.304883333,"Manic Street Preachers, Tonic"
Shine On You Crazy Diamond (Pts. 1-5),Pink Floyd,1975-01-01,1.351795,"David Bowie, Bob Seger"
Livin' On A Prayer,Bon Jovi,1986-01-01,4.154883333,Jimmy Barnes
Me and Bobby McGee,Janis Joplin,1971-01-01,4.522216667,Eric Carmen
Who Are You,The Who,1978-01-01,6.360433333,
Brown Sugar - 2009 Mix,The Rolling Stones,1971-01-01,3.8111,
Black,Pearl Jam,1991-01-01,5.710883333,"TOOL, Queen"
Lust For Life,Iggy Pop,1977-01-01,5.232083333,The Rolling Stones
Carry on Wayward Son,Kansas,1976-01-01,5.383333333,
Rock And Roll All Nite,KISS,1975-01-01,2.814,"Bruce Springsteen, Diana Ross, Faces"
American Pie,Don McLean,1971-01-01,8.614883333,
Cocaine,Eric Clapton,1977-01-01,3.694,Lou Reed
Runnin' with the Devil - 2015 Remaster,Van Halen,1978-01-01,3.582666667,"Bruce Springsteen, KISS, Dire Straits, Tom Petty and the Heartbreakers"
Honky Tonk Women - Live,The Rolling Stones,2020-01-01,4.91,"Berlin, CID"
Clocks,Coldplay,2002-01-01,5.131316667,The Goo Goo Dolls
Best of You,Foo Fighters,2005-01-01,4.260433333,
Ziggy Stardust - 2012 Remaster,David Bowie,1972-01-01,3.240666667,
By the Way,Red Hot Chili Peppers,2002-01-01,361.555,"Deee-Lite, The Used, Linkin Park"
Paranoid Android,Radiohead,1997-01-01,645.355,The Prodigy
Personal Jesus - Single Version,Depeche Mode,1998-01-01,3.748883333,"The Goo Goo Dolls, Rage Against The Machine, Green Day"
In Bloom - Nevermind Version,Nirvana,1991-01-01,4.251333333,
Dirty Deeds Done Dirt Cheap,AC/DC,1976-01-01,386.555,
Karma Police,Radiohead,1997-01-01,4.4011,"George Michael, Sheryl Crow, Filter, The Strokes, Train"
Revolution - Remastered 2009,The Beatles,1973-01-01,342.155,"Dire Straits, Bruce Springsteen, Journey, Steppenwolf"
Free Fallin',Tom Petty,1989-01-01,4.266666667,"The Cure, Skid Row"
Something - Remastered 2009,The Beatles,1969-01-01,3.038216667,John Denver
How Soon Is Now? - 2011 Remaster,The Smiths,1984-01-01,6.802883333,"ZZ Top, Talking Heads, Beastie Boys, Motörhead, The Cure"
A Whiter Shade of Pale - Original Single Version,Procol Harum,1967-01-01,4.1491,
Buddy Holly,Various Artists,2020-01-01,2.682883333,The Cars
Black Magic Woman - Single Version,Santana,1969-01-01,3.274433333,"Al Green, Pink Floyd, Leonard Cohen"
Boulevard of Broken Dreams,Green Day,2017-01-01,4.372216667,"Mumford & Sons, Queen, fun., Procol Harum, Various Artists"
Bang A Gong (Get It On) (Electric Version),T. Rex,2010-01-01,4.744716667,"The Godfathers, Weezer, Foo Fighters, Gary Clark Jr., OneRepublic"
Wild Horses - 2009 Mix,The Rolling Stones,1971-01-01,5.696216667,"The Turtles, The Beatles"
Another One Bites The Dust - Remastered 2011,Queen,1980-01-01,357.755,"Talking Heads, The Cars, Chicago, Daryl Hall & John Oates, Foreigner"
Lithium,Nirvana,1991-01-01,4.284216667,"Def Leppard, The Cranberries, Sting, Joe Cocker, R.E.M."
Yesterday - Remastered 2009,The Beatles,1965-01-01,2.094433333,"James Taylor, The Velvet Underground"
When I Come Around,Green Day,1994-01-01,2.966666667,"Marilyn Manson, New Radicals"
Sex on Fire,Kings of Leon,2008-01-01,3.3891,"Three Days Grace, Madonna, The Temper Trap, Muse, Linkin Park"
Heart of Gold - 2009 Remaster,Neil Young,1972-01-01,3.116883333,
Hey Ya! - Radio Mix,OutKast,2003-01-01,3.920216667,Linkin Park
Superstition - Single Version,Stevie Wonder,2002-01-01,409.155,"Luke Haines, The Hit Co., Foo Fighters, Hoobastank, Stampeders"
Hells Bells,AC/DC,1980-01-01,5.204883333,"Blue Öyster Cult, Duran Duran"
Eleanor Rigby - Remastered 2009,The Beatles,1966-01-01,2.108883333,Eddie Floyd
No One Knows,Queens of the Stone Age,2002-01-01,4.6451,Lily Allen
Ace of Spades,Motörhead,1980-01-01,2.782,
A Hard Day's Night - Remastered 2009,The Beatles,1964-01-01,2.57,
Tom Sawyer,Rush,1981-01-01,4.614666667,"Tears For Fears, Talking Heads, Blue Öyster Cult"
Fortunate Son,Creedence Clearwater Revival,1969-01-01,2.346216667,"Rod Stewart, Carly Simon, George Harrison"
Anarchy In The U.K. - Live From Finsbury Park,Sex Pistols,1996-01-01,354.155,"Black Sabbath, H-Blockx, Hoodoo Gurus"
Drive,Incubus,1999-01-01,3.874216667,"Powderfinger, Texas, Modest Mouse"
Somebody to Love,Jefferson Airplane,1967-01-01,2.914,"The Beatles, The Beatles, David Bowie, Stevie Wonder"
School's Out,Alice Cooper,1972-01-01,3.501766667,"The Spinners, Wings, Bob Dylan, Led Zeppelin"
Respect,Aretha Franklin,1967-01-01,2.46,"The Beatles, Yusuf / Cat Stevens"
Last Resort,Papa Roach,2000-01-01,333.155,"Forty Deuce, Shania Twain, Cha Cha Cohen, 6gig, blink-182"
Refugee,Tom Petty and the Heartbreakers,1979-01-01,336.155,"Yes, Descendents, Eagles, Bad Company, The Clash"
La Grange - 2005 Remaster,ZZ Top,1973-01-01,3.841333333,Rod Stewart
Bad Moon Rising,Creedence Clearwater Revival,1969-01-01,2.36,The Doors
Nights In White Satin - Single Version / Mono Mix,The Moody Blues,1967-01-01,4.4851,"Donovan, Harry Nilsson, Led Zeppelin"
Bridge Over Troubled Water,Simon & Garfunkel,1970-01-01,4.885333333,"Crosby, Stills & Nash"
All Apologies,Nirvana,1993-01-01,3.886216667,"Phil Collins, Alice In Chains, Urge Overkill, Orgy"
Born in the U.S.A.,Bruce Springsteen,1984-01-01,4.644666667,"Diana Ross, AC/DC, Billy Joel"
Pour Some Sugar On Me - Remastered 2017,Def Leppard,1987-01-01,4.4551,"New Order, a-ha, Bon Jovi"
Better Man,Pearl Jam,1994-01-01,4.476433333,
Over the Hills and Far Away - 1990 Remaster,Led Zeppelin,1973-01-01,4.822666667,Elton John
Blister In The Sun,Violent Femmes,1983-01-01,2.428433333,
Californication,Red Hot Chili Peppers,1999-01-01,549.555,
Roadhouse Blues (Takes 1 & 2) [We're Gonna Have A Real Good Time] - 2020 Remaster,The Doors,2020-01-01,5.000883333,"Marianne Faithfull, Jota Quest"
Tiny Dancer,Elton John,1971-01-01,6.284883333,"America, Roberta Flack, The Rolling Stones, Pink Floyd"
Aqualung,Jethro Tull,1971-01-01,6.6031,"Fleetwood Mac, The Doors, The Band"
Knockin' On Heaven's Door,Bob Dylan,1973-01-01,2.498,"Steve Miller Band, Joni Mitchell"
For What It's Worth,Buffalo Springfield,1966-01-01,256.155,"Bee Gees, The Beatles"
White Rabbit,Jefferson Airplane,1967-01-01,2.510666667,"Carpenters, Bee Gees"
What's Going On,Marvin Gaye,1971-01-01,3.9411,"The Doors, Elvis Presley, Steve Harley, Boz Scaggs"
You Ain't Seen Nothing Yet,Bachman-Turner Overdrive,1974-01-01,3.914433333,Aerosmith
Thunder Road,Bruce Springsteen,1975-01-01,4.812,"Tom Petty and the Heartbreakers, Led Zeppelin, Edwin Starr, Boston"
Tumbling Dice,The Rolling Stones,1972-01-01,3.772216667,"Blue Öyster Cult, The Guess Who, Neil Diamond"
Ruby Tuesday,The Rolling Stones,1967-01-01,3.274883333,"Dr. Hook, Them, Paul McCartney, Booker T. & the M.G.'s, The Yardbirds"
Epic,Faith No More,1989-01-01,4.894216667,"Talk Talk, Phil Collins, Iron Maiden, Neil Young, Alice Cooper"
Crazy Train,Ozzy Osbourne,1980-01-01,4.936666667,
Live Forever - Remastered,Oasis,1994-01-01,4.611016667,"Red Snapper, Teenage Fanclub"
Dust in the Wind,Kansas,1977-01-01,3.437766667,"Pink Floyd, Gerry Rafferty"
Pinball Wizard,The Who,1969-01-01,3.015716667,Three Dog Night
In The Air Tonight - 2015 Remastered,Phil Collins,1981-01-01,560.755,
Burning Down the House,Talking Heads,1983-01-01,4.032,"ZZ Top, AC/DC, Duran Duran, Dio, Dire Straits"
Suite: Judy Blue Eyes - 2005 Remaster,Crosby,1969-01-01,7.400883333,
Paradise By the Dashboard Light,Meat Loaf,1977-01-01,8.472216667,"Asia, Foreigner"
Bennie And The Jets - Remastered 2014,Elton John,1973-01-01,5.3758,"The Rolling Stones, Wings, The Isley Brothers, Sly & The Family Stone, Fleetwood Mac"
Johnny B. Goode,Chuck Berry,1959-01-01,2.692666667,
One Step Closer,Linkin Park,2000-01-01,2.622216667,"Quiet Riot, The Prodigy, Korn, Kid Rock"
The Boys Of Summer,Don Henley,1984-01-01,4.812216667,
All The Small Things,blink-182,1999-01-01,2.8,"Cha Cha Cohen, Foo Fighters, Shania Twain"
Chop Suey!,System Of A Down,2001-01-01,3.504,"Rage Against The Machine, Foo Fighters"
No Woman,Various Artists,2020-01-01,2.433633333,
Immigrant Song - Remaster,Led Zeppelin,1970-01-01,2.4375,"Elton John, The Beatles, The Doobie Brothers, Jimi Hendrix, KISS"
Proud Mary,Various Artists,2020-01-01,3.079766667,"Streetheart, Earth Tongue, Brian McKnight, Budgie"
The End,The Doors,1967-01-01,1.172288333,"The Beatles, Johnny Cash, Jefferson Airplane, Van Morrison"
Scar Tissue,Red Hot Chili Peppers,1999-01-01,3.598433333,"Crossfade, The Smashing Pumpkins, Avril Lavigne, Sublime"
Rebel Yell,Billy Idol,1983-01-01,4.808883333,"Sonic Youth, The Rolling Stones, Iron Maiden"
Vertigo,U2,2004-01-01,3.242,Story Of The Year
Times Like These,Foo Fighters,2002-01-01,4.427333333,"The Grumpies, Afa, Thumb, Queen"
I Wanna Be Sedated,Ramones,1978-01-01,2.496433333,"Rush, Van Halen, Elton John, Duran Duran"
It's Only Rock'n'Roll (But I Like It) - Remastered 2009,The Rolling Stones,1974-01-01,5.124,"Blondie, Blue Öyster Cult, Van Halen, Elton John, George Harrison"
White Wedding - Pt. 1,Billy Idol,1982-01-01,4.203333333,AC/DC
Sabotage,Beastie Boys,1994-01-01,2.974,"Robbie Williams, Powerman 5000, Foo Fighters, The Offspring"
Brown Eyed Girl,Van Morrison,1967-01-01,3.0551,
Somebody To Love - Remastered 2011,Queen,1976-01-01,494.155,"Boston, Ramones, Commodores"
Rockin' in the Free World,Neil Young,1989-01-01,469.755,Alice In Chains
Uprising,Muse,2009-01-01,5.080666667,"Cage The Elephant, Slipknot, Mudvayne"
Fake Plastic Trees,Radiohead,1995-01-01,4.8451,"Joni Mitchell, Daryl Braithwaite, Bonnie Raitt"
Train in Vain (Stand by Me) - Remastered,The Clash,1979-01-01,3.244433333,"Eagles, David Bowie, Lynyrd Skynyrd, U2, AC/DC"
Lightning Crashes,Live,1994-01-01,5.426666667,
Wake Me up When September Ends,Green Day,2004-01-01,4.760883333,"Justin Timberlake, Nickelback, Madonna, Gnarls Barkley"
Be My Baby,The Ronettes,2011-01-01,2.681766667,Three Days Grace
Get Back - Remastered 2009,The Beatles,1970-01-01,3.156433333,"The Spencer Davis Group, The Doors"
Are You Gonna Go My Way,Lenny Kravitz,1993-01-01,3.532216667,"Aerosmith, Pantera, Cher"
Hey You,Pink Floyd,1979-01-01,4.640666667,Styx
Under My Thumb,The Rolling Stones,1966-01-01,3.692216667,Free
Behind Blue Eyes,The Who,1971-01-01,3.690433333,"The Doobie Brothers, Boston, The Beatles, Creedence Clearwater Revival, Led Zeppelin"
Instant Karma! (We All Shine On) - Remastered 2010,John Lennon,2010-01-01,3.344216667,"Kings of Leon, Carolina Liar, Arctic Monkeys, Red Hot Chili Peppers"
Help! - Remastered 2009,The Beatles,1965-01-01,2.326,"Creedence Clearwater Revival, The Rolling Stones"
Dancing Queen,ABBA,1976-01-01,3.844883333,"The O'Jays, Daryl Hall & John Oates"
Barracuda,Heart,1977-01-01,436.555,"Ramones, Electric Light Orchestra, Bob Seger"
Today - Remastered,The Smashing Pumpkins,1993-01-01,3.352883333,"Ozzy Osbourne, Various Artists, Stevie Nicks"
Radar Love,Golden Earring,2008-01-01,6.4451,"Lily Allen, Bobby Darin, The Fratellis, Florence + The Machine, Thirty Seconds To Mars"
Rocket Man (I Think It's Going To Be A Long,Elton John,1972-01-01,469.355,"Aerosmith, Talking Heads"
Champagne Supernova - Remastered,Oasis,1995-01-01,7.522,"Blur, Nirvana"
Beds Are Burning - Remastered,Midnight Oil,1997-01-01,4.302883333,
Brass in Pocket - 2006 Remaster,Pretenders,1980-01-01,3.099333333,"Queen, Rick James, Def Leppard"
Piece of My Heart,Big Brother & The Holding Company,1968-01-01,4.222216667,"Cream, The Doors"
Tangled up in Blue,Bob Dylan,1975-01-01,5.693766667,"Three Dog Night, Frank Zappa, Foghat, Bachman-Turner Overdrive"
My Sweet Lord - Remastered 2014,George Harrison,1970-01-01,4.6871,
The Joker,Steve Miller Band,1973-01-01,4.408383333,
American Woman,The Guess Who,1970-01-01,5.124883333,Ted Nugent
Bullet With Butterfly Wings - Remastered 2012,The Smashing Pumpkins,1995-01-01,4.307766667,"Spandau Ballet, The Cranberries, Red Hot Chili Peppers, Korn, Guns N' Roses"
Would?,Alice In Chains,1992-01-01,3.446216667,"Sonic Youth, EMF, Cake, George Harrison, Spin Doctors"
Heart-Shaped Box,Nirvana,1993-01-01,4.686,"Godsmack, Bon Jovi, Jon Bon Jovi"
Closer,Nine Inch Nails,1994-01-01,6.221766667,"U2, Creed, Peter Murphy"
Sober,TOOL,1993-01-01,5.114216667,Cher
Magic Carpet Ride,Steppenwolf,1968-01-01,4.526216667,"Deep Purple, The Spencer Davis Group, The Who, The Animals, The Who"
Rock You Like A Hurricane,Scorpions,1984-01-01,4.208216667,
Last Nite,The Strokes,2001-01-01,3.222883333,Switchfoot
Fat Bottomed Girls - Remastered 2011,Queen,1978-01-01,4.26,
The Middle,Jimmy Eat World,2001-01-01,2.764216667,"Daniel Powter, Muse, Audioslave"
Heroes - 2017 Remaster,David Bowie,1977-01-01,6.190216667,"Supertramp, Steely Dan"
Dancing In the Dark,Bruce Springsteen,1984-01-01,4.021766667,Guns N' Roses
Touch Me,The Doors,1969-01-01,3.170883333,"The Searchers, Raspberries, Led Zeppelin"
Louie Louie,The Kingsmen,2006-01-01,275.635,"Bobby Darin, The Ronettes, Creed, The Fray"
Life in the Fast Lane - 2013 Remaster,Eagles,1976-01-01,4.770316667,"Jackson Browne, Wild Cherry, Lynyrd Skynyrd, Thin Lizzy, Bruce Springsteen"
Come Out And Play (Keep ‘Em Separated),The Offspring,2005-01-01,3.296666667,"Matchbox Twenty, Gorillaz, The Chiffons"
Moondance - 2013 Remaster,Van Morrison,1970-01-01,4.567333333,"The Beatles, The Beatles, Crosby, Stills & Nash, Harry Nilsson, Elvis Presley"
Float On,Modest Mouse,2004-01-01,3.474433333,"Metallica, Linkin Park, My Chemical Romance"
Everybody Hurts,R.E.M.,1992-01-01,5.337766667,"Guns N' Roses, Bryan Adams"
Summer Of '69,Bryan Adams,1984-01-01,3.600883333,
God Only Knows - Remastered,The Beach Boys,1966-01-01,2.884,"Joni Mitchell, The Byrds"
Dani California,Red Hot Chili Peppers,2006-01-01,4.702666667,"The Strokes, Kid Rock"
Rhiannon,Fleetwood Mac,1975-01-01,4.212883333,"Billy Joel, Jethro Tull, Elton John, Don McLean"
Tears in Heaven - Acoustic; Live at MTV Unplugged,Eric Clapton,1992-01-01,4.666666667,
Message In A Bottle,The Police,1979-01-01,4.838,
Heartbreaker - 1990 Remaster,Led Zeppelin,1969-01-01,423.555,"The Beatles, The Supremes, Elton John, The Yardbirds, The Doors"
Don't Speak,No Doubt,1995-01-01,4.392666667,"U2, TOOL, Nirvana"
Dazed and Confused - 1990 Remaster,Led Zeppelin,1969-01-01,643.955,
Hello,The Doors,1968-01-01,2.22,"Jimi Hendrix, Nancy Sinatra, The Spencer Davis Group, George Harrison"
Take It Easy - 2013 Remaster,Eagles,1972-01-01,3.526283333,"Yusuf / Cat Stevens, Black Sabbath, Hot Chocolate, The Doors, Alice Cooper"
Beast Of Burden - Remastered,The Rolling Stones,1978-01-01,441.955,"Yes, Bob Dylan, The Clash"
Man in the Box,Alice In Chains,1990-01-01,4.753333333,"Depeche Mode, The B-52's, Bon Jovi"
Ohio,Crosby,1974-01-01,3.062216667,David Bowie
I Won't Back Down,Tom Petty,1989-01-01,2.972666667,"Blind Melon, Phil Collins, Scorpions, Weezer"
War Pigs / Luke's Wall - 2012 - Remaster,Black Sabbath,1970-01-01,7.905983333,"The Beatles, Parliament, The Velvet Underground, Steely Dan"
Solsbury Hill,Peter Gabriel,1977-01-01,4.357333333,The Cure
Legs - 2008 Remaster,ZZ Top,1983-01-01,4.5651,"Van Halen, David Lee Roth, The Smiths, Ramones, R.E.M."
Are You Gonna Be My Girl,Jet,2003-01-01,3.563333333,Limp Bizkit
Say It Ain't So,Weezer,1994-01-01,4.313766667,
She Sells Sanctuary,The Cult,2000-01-01,4.208883333,No Doubt
Iron Man - 2012 - Remaster,Black Sabbath,1970-01-01,5.921716667,"David Bowie, Bob Dylan, Cream, Chicago, The Beatles"
Cannonball,The Breeders,1993-01-01,356.155,"The Verve, The Cure, Primal Scream, Metallica, Orgy"
Maybe I'm Amazed - Live,Paul McCartney,2003-01-01,4.808883333,
Can't Stop,Red Hot Chili Peppers,2002-01-01,4.483333333,"AFI, System Of A Down, Kenny Loggins, Linkin Park, Jet"
She Loves You - Mono / Remastered,The Beatles,2000-01-01,2.348666667,
Hash Pipe,Weezer,2001-01-01,3.108883333,"TOOL, The Strokes, Dashboard Confessional, Live, Nirvana"
Hallelujah,Jeff Buckley,1994-01-01,6.888666667,
Bad To The Bone,George Thorogood & The Destroyers,1982-01-01,486.955,"Bryan Adams, Metallica"
Freak On a Leash,Korn,1998-01-01,4.262216667,
Somebody Told Me,The Killers,2004-01-01,3.286,"Breaking Benjamin, Nine Days, New Found Glory, System Of A Down"
Reelin' In The Years,Steely Dan,1972-01-01,4.5911,"Black Sabbath, Boston, George Harrison"
Band On The Run - Remastered 2010,Wings,1973-01-01,5.2171,"Elton John, 10cc, Dragon, Led Zeppelin, The Beatles"
Enjoy the Silence - Single Mix,Depeche Mode,1990-01-01,4.288883333,"Metallica, Anthrax"
Mr. Jones,Counting Crows,1993-01-01,4.538216667,"Aerosmith, System Of A Down, Metallica"
Norwegian Wood (This Bird Has Flown) - Remastered 2009,The Beatles,1965-01-01,2.078216667,"Blind Faith, David Bowie"
Self Esteem,The Offspring,2005-01-01,4.296,"Deee-Lite, The Killers, The Temper Trap, Avenged Sevenfold, Linkin Park"
All the Young Dudes,Mott The Hoople,1972-01-01,3.517766667,"Elton John, Creedence Clearwater Revival, Led Zeppelin, Queen"
The Logical Song - Remastered 2010,Supertramp,1979-01-01,418.755,
Ticket To Ride - Remastered 2009,The Beatles,1965-01-01,3.161333333,"Derek & The Dominos, Bob Seger"
Disarm - Remastered,The Smashing Pumpkins,1993-01-01,328.175,"Yo La Tengo, Pearl Jam"
What's My Age Again?,blink-182,1999-01-01,2.476216667,"Schtum, Shania Twain, Queen"
Fly Away,Lenny Kravitz,1998-01-01,3.688866667,"Powerman 5000, Audioslave, Deftones, blink-182, Neutral Milk Hotel"
Starlight,Muse,2006-01-01,400.355,"Evanescence, The Red Jumpsuit Apparatus, Thirty Seconds To Mars, Foster The People, All That Remains"
Fool in the Rain - 1990 Remaster,Led Zeppelin,1979-01-01,6.214883333,"Van Halen, Dire Straits, The Psychedelic Furs, Twisted Sister"
I Heard It Through The Grapevine,Marvin Gaye,1968-01-01,3.238216667,"Bee Gees, The Beatles"
Mary Jane's Last Dance,Tom Petty and the Heartbreakers,2008-01-01,4.56,
Daughter (Remastered),Pearl Jam,1993-01-01,390.555,
Rooster,Alice In Chains,1992-01-01,6.238883333,"Jon Bon Jovi, Yo La Tengo"
Runnin' Down A Dream,Tom Petty,2019-01-01,436.355,Green Day
Heart Of Glass - Special Mix,Blondie,2002-01-01,4.537766667,Manic Street Preachers
I Can't Explain - Mono Version,The Who,1965-01-01,2.088666667,"Procol Harum, The Rolling Stones"
You Give Love A Bad Name,Bon Jovi,1986-01-01,3.711766667,"Guns N' Roses, Van Halen, Tom Cochrane"
Down with the Sickness,Disturbed,2010-01-01,4.6451,"Billy Talent, Breaking Benjamin"
You Really Got Me - 2015 Remaster,Van Halen,1978-01-01,2.602433333,Cheap Trick
The Pot,TOOL,2006-01-01,6.365766667,
Fell In Love With a Girl,The White Stripes,2001-01-01,1.834883333,Jet
Old Time Rock & Roll,Bob Seger,1978-01-01,3.235766667,"The Doobie Brothers, Dire Straits"
Gimme Some Lovin' - Single Mix,The Spencer Davis Group,1966-01-01,2.980666667,"Elvis Presley, Marvin Gaye, Mountain"
Jack & Diane,John Mellencamp,1982-01-01,424.155,"Bob Marley & The Wailers, Eric Clapton"
Werewolves of London - 2007 Remaster,Warren Zevon,1978-01-01,3.4911,Jimmy Buffett
My Sharona,The Knack,1979-01-01,4.923333333,"The Cars, Boston, The Clash, Queen, Elton John"
My Hero,Foo Fighters,1997-01-01,4.333766667,"Natalie Imbruglia, Trapt, The Presidents Of The United States Of America, Jimmy Eat World"
Tutti Frutti,Little Richard,1957-01-01,2.403766667,
It's a Long Way to the Top (If You Wanna Rock 'N' Roll),AC/DC,1976-01-01,5.020433333,"Bob Seger, Steve Harley, The Rolling Stones"
Hush,Deep Purple,1968-01-01,4.416216667,
Down On The Corner,Creedence Clearwater Revival,1969-01-01,2.771333333,
The Beautiful People,Marilyn Manson,1996-01-01,3.6471,"Pearl Jam, Spin Doctors, Journey, Butthole Surfers, Santana"
Jailhouse Rock,Elvis Presley,1958-01-01,2.441333333,"Booker T. & the M.G.'s, Little Richard, Roy Orbison, Ray Charles, The Beatles"
Break on Through (To the Other Side),The Doors,1967-01-01,2.4311,Chicago
Longview,Green Day,1994-01-01,3.887333333,"Collective Soul, Alanis Morissette, Pearl Jam"
Billie Jean,Michael Jackson,1982-01-01,4.8971,"Heart, Eurythmics, Bryan Adams, Wham!, The Knack"
Zombie,The Cranberries,1994-01-01,5.1071,"Nirvana, Macy Gray, Phil Collins, Bon Jovi, 4 Non Blondes"
Boys Don't Cry,The Cure,1979-01-01,259.955,"Van Halen, Bob Seger, Talk Talk"
What I Got,Sublime,1996-01-01,2.848433333,"Pantera, The Beatles, Nirvana, Wet Wet Wet, TOOL"
Here Comes The Sun - Remastered 2009,The Beatles,1969-01-01,309.555,"Steve Miller Band, The Rolling Stones"
Do You Feel Like We Do,Peter Frampton,1996-01-01,1.391443333,R.E.M.
Piano Man,Billy Joel,1973-01-01,5.65,The Velvet Underground
Glycerine - Remastered,Bush,1994-01-01,444.155,
D'yer Mak'er - Remaster,Led Zeppelin,1973-01-01,4.379133333,"The Rolling Stones, David Bowie, Van Halen"
Island In The Sun,Weezer,2001-01-01,3.338433333,"My Chemical Romance, Blur"
Run to the Hills - 2015 Remaster,Iron Maiden,1982-01-01,3.891766667,
Roundabout - 2003 Remaster,Yes,1971-01-01,850.955,
Aerials,System Of A Down,2001-01-01,391.755,
About A Girl,Nirvana,2002-01-01,2.777333333,"Natalie Imbruglia, Limp Bizkit, Rancid, Savage Garden, The Offspring"
When You Were Young,The Killers,2006-01-01,3.673766667,
Brain Damage / Eclipse,Vitamin String Quartet,2003-01-01,520.555,
When Doves Cry,Prince,1984-01-01,5.881766667,"Living Colour, U2, Dead Kennedys, Pretenders"
Cinnamon Girl,The Crazy Horses,2013-01-01,2.89,"Rock Angels, Marvin Gaye, Ty Segall, Goldfrapp, The Karaoke Channel"
Us and Them,Pink Floyd,1973-01-01,7.8204,"Al Green, Santana, Led Zeppelin, Bill Withers"
Foreplay / Long Time,Boston,1976-01-01,7.794,"Electric Light Orchestra, Linda Ronstadt, Murray Head, Peter Frampton"
Dreams,Fleetwood Mac,1988-01-01,4.240883333,
Psycho Killer - 2005 Remaster,Talking Heads,1977-01-01,4.356883333,"The Police, Foreigner, Fleetwood Mac"
Subterranean Homesick Blues,Bob Dylan,1965-01-01,2.354883333,
Alive - 2006 Remaster,P.O.D.,2006-01-01,3.394883333,"Arctic Monkeys, Hot Action Cop"
I Can See For Miles,The Who,1967-01-01,4.143633333,Smokey Robinson & The Miracles
Panama - 2015 Remaster,Van Halen,1984-01-01,3.503766667,"Twisted Sister, Living Colour, Iron Maiden, Pretenders"
Just like Heaven,The Cure,1987-01-01,3.533333333,"John Mellencamp, Pantera, Megadeth"
Hot for Teacher - 2015 Remaster,Van Halen,1984-01-01,4.712433333,Neil Young
Spoonman,Soundgarden,1994-01-01,4.115333333,Radiohead
Tush - 2006 Remaster,ZZ Top,1975-01-01,2.298883333,Australian Crawl
Feel Good Inc.,Gorillaz,2005-01-01,3.710666667,Gloria Gaynor
Eight Miles High,The Byrds,1966-01-01,3.577333333,"Cream, Jethro Tull, The Beatles"
Hurricane,Bob Dylan,1976-01-01,854.555,"KISS, Lynyrd Skynyrd, Steely Dan, ABBA, KISS"
Your Song,Elton John,1970-01-01,4.029766667,"John Lennon, Otis Redding, Led Zeppelin"
Oye Como Va,Santana,1970-01-01,4.282216667,
Janie's Got A Gun,Aerosmith,1994-01-01,5.493766667,"Orgy, Butthole Surfers, Beck"
Life's Been Good,Joe Walsh,1978-01-01,8.9371,Jim Croce
Waterloo Sunset - Mono Mix,The Kinks,1967-01-01,3.236933333,"Eagles, Cream, Steely Dan, The Doors, The Lovin' Spoonful"
Frankenstein,Edgar Winter,2002-01-01,4.76,"Green Day, Cake, Fuel, Elvis Presley, Bernard Fanning"
Let's Stay Together,Al Green,1972-01-01,3.323266667,"Otis Redding, Foreigner, Barry Manilow, Heart"
Radio Free Europe,R.E.M.,1983-01-01,4.086666667,"The Cult, Def Leppard"
Fly Like An Eagle,Steve Miller Band,1976-01-01,471.155,"Wild Cherry, The Rolling Stones"
Use Somebody,Kings of Leon,2008-01-01,3.846,"fun., Gorillaz, The Black Keys, Sara Bareilles"
Kryptonite,3 Doors Down,2000-01-01,3.898883333,Audioslave
Penny Lane - Remastered 2009,The Beatles,1967-01-01,3.014883333,"Al Green, Janis Joplin, David Bowie, Frankie Valli & The Four Seasons"
Night Moves,Bob Seger,1976-01-01,5.407033333,
Yellow Ledbetter,Pearl Jam,1991-01-01,5.059766667,Heart
Where It's At,Beck,1996-01-01,5.515766667,"The Beta Band, Drowning Pool, Sublime, Days Of The New, Badly Drawn Boy"
Call Me,Blondie,2004-01-01,3.5371,"Rage Against The Machine, The Flaming Lips, Yellowcard, U2, Muse"
California Dreamin' - Single Version,The Mamas & The Papas,1966-01-01,2.706216667,"The Band, The Who"
Bat Out of Hell,Meat Loaf,1977-01-01,9.833333333,"U2, KISS"
Like a Prayer,Madonna,2009-01-01,5.711333333,"The Strokes, Kings of Leon, Deee-Lite"
The Unforgiven,Metallica,1991-01-01,6.452216667,
Purple Rain,Prince,1984-01-01,8.679766667,
Love In An Elevator - Single Version,Aerosmith,1994-01-01,5.363766667,"Everclear, Bush, Van Halen, blink-182, The Stranglers"
Blurry,Puddle Of Mudd,2001-01-01,5.066666667,"Alien Ant Farm, The Strokes, Linkin Park, My Chemical Romance"
The Sound of Silence - Acoustic Version,Simon & Garfunkel,1964-01-01,3.090216667,"Jefferson Airplane, Bob Dylan"
Miss You - Live,The Rolling Stones,2019-01-01,1.636443333,"Ghost King, Amparanoia, Block Buster"
Slither,Velvet Revolver,2004-01-01,4.138433333,"Papa Roach, Sum 41, Linkin Park, Limp Bizkit"
Gimme All Your Lovin',ZZ Top,1992-01-01,3.999766667,The Rolling Stones
Cochise,Audioslave,2002-01-01,3.700433333,"Arctic Monkeys, Queens of the Stone Age, Paramore, Junior Senior"
Bulls On Parade,Rage Against The Machine,1996-01-01,3.824433333,"Stone Temple Pilots, Metallica, Pearl Jam, Linkin Park, Foo Fighters"
Long Train Runnin',The Doobie Brothers,1973-01-01,3.454433333,Fleetwood Mac
In-A-Gadda-Da-Vida - Single Version,Iron Butterfly,1993-01-01,2.899766667,"Loverboy, Cinderella, The Goo Goo Dolls"
All My Love - 1990 Remaster,Led Zeppelin,1979-01-01,5.854433333,"Status Quo, AC/DC, The Police, Eddie Money, Asia"
Black Water - Single Version,The Doobie Brothers,1976-01-01,430.265,"Elvis Costello, Electric Light Orchestra, Bad Company, Pink Floyd"
Cold as Ice,Foreigner,1977-01-01,3.342883333,"Heart, Crosby, Stills, Nash & Young, Queen"
Running on Empty,Jackson Browne,1978-01-01,4.864883333,"David Bowie, Queen, Patti Smith"
Fame - 2016 Remaster,David Bowie,1975-01-01,4.356216667,"Elton John, Black Sabbath, Marvin Gaye"
Crazy,Gnarls Barkley,2006-01-01,3.034433333,"Thirty Seconds To Mars, Crossfade, 3 Doors Down, Silversun Pickups, Adele"
Wonderful Tonight,Eric Clapton,1977-01-01,3.750433333,"Pink Floyd, Eagles, John Denver, Pink Floyd"
I Want To Hold Your Hand - Remastered 2015,The Beatles,2000-01-01,2.4291,"Train, Creed, Creed, Red Hot Chili Peppers"
Don't Stop Believin',Journey,2001-01-01,4.148433333,"Tenacious D, Foo Fighters, Evanescence"
Stayin a Live,Super Tamarindo All Stars,2014-01-01,4.4,"The Crazy Horses, Earth Tongue"
Killer Queen - Remastered 2011,Queen,1974-01-01,2.993333333,"Jackson Browne, Black Sabbath"
Feel like Makin' Love - 2015 Remaster,Bad Company,1975-01-01,5.230666667,"Seals and Crofts, Jethro Tull, Queen, Nazareth"
Crawling,Linkin Park,2000-01-01,3.482666667,"George Michael, TOOL, The Verve, Cake, The Specials"
Crazy Little Thing Called Love - Remastered 2011,Queen,1980-01-01,2.722883333,"Tom Petty and the Heartbreakers, Steve Perry, Patti Smith, The Police, Billy Idol"
Little Wing,Jimi Hendrix,1967-01-01,2.4291,David Bowie
For Those About to Rock (We Salute You),AC/DC,1981-01-01,5.737333333,
I Got You (I Feel Good),James Brown & The Famous Flames,1966-01-01,2.763333333,"The Mamas & The Papas, Janis Joplin"
Green Onions,Booker T. & the M.G.'s,1962-01-01,2.938883333,
Misty Mountain Hop - Alternate Mix,Led Zeppelin,1971-01-01,4.750883333,"John Mayall, Bachman-Turner Overdrive, Badfinger"
Takin' Care Of Business,Bachman-Turner Overdrive,1973-01-01,483.155,"Todd Rundgren, Fleetwood Mac, Chicago, Elvin Bishop"
The Spirit Of Radio,Rush,1980-01-01,4.9411,Talking Heads
Run Like Hell,Pink Floyd,1979-01-01,4.392883333,"Linda Ronstadt, Bruce Springsteen"
Voodoo Child (Slight Return),Jimi Hendrix,1968-01-01,5.222883333,"Grand Funk Railroad, The Searchers, Led Zeppelin, James Gang, Led Zeppelin"
Santeria,Sublime,1996-01-01,3.045766667,"Alice In Chains, R.E.M., The Smashing Pumpkins, Creed"
Young Lust,Pink Floyd,1979-01-01,3.499266667,"Loverboy, Aerosmith, The Rolling Stones, 10cc"
I Alone,Live,1994-01-01,3.852216667,
Give A Little Bit,Supertramp,1977-01-01,4.136216667,
Soul to Squeeze,Red Hot Chili Peppers,2003-01-01,482.555,"Five For Fighting, Sam Cooke, Robbie Williams, Coldplay, Coldplay"
A Horse with No Name,America,1972-01-01,4.203983333,"Elton John, Aerosmith"
With A Little Help From My Friends - Remastered 2009,The Beatles,1967-01-01,2.7351,"The Doors, Van Morrison, Four Tops, Johnny Cash"
Kiss,Prince,1986-01-01,3.770666667,"Tracy Chapman, Sting"
Iris,The Goo Goo Dolls,2007-01-01,4.831766667,"Green Day, The Black Keys, Sara Bareilles, Thirty Seconds To Mars, Linkin Park"
No Rain,Blind Melon,1992-01-01,3.618433333,"Collective Soul, Marcy Playground"
Wild Thing,The Troggs,1966-01-01,2.588883333,"Three Dog Night, Badfinger, Four Tops"
Rock Around The Clock,Bill Haley & His Comets,1968-01-01,2.283333333,"Blood, Sweat & Tears, The Beatles, Black Sabbath"
The Distance,Cake,1996-01-01,2.994216667,"Texas, Creed"
Ashes to Ashes - 2017 Remaster,David Bowie,1980-01-01,4.436,"The Clash, Eddie Money, Phil Collins, Bob Seger"
Stand by Me,Ben E. King,1962-01-01,3.000916667,"The Beatles, The Beatles, The Righteous Brothers, Bob Dylan"
Who'll Stop The Rain,Creedence Clearwater Revival,1970-01-01,2.458216667,"Bachman-Turner Overdrive, The Beatles, The Zombies"
Crazy On You,Heart,1975-01-01,4.890666667,"Ace, The Rolling Stones"
Holiday,Green Day,2017-01-01,3.878,The Script
Sad But True,Metallica,1991-01-01,5.398883333,"The Smashing Pumpkins, U2, Starship, Beastie Boys, Korn"
Owner of a Lonely Heart,Yes,1983-01-01,4.4751,"Molly Hatchet, Falco, The Undertones, Judas Priest"
We've Gotta Get out of This Place,The Animals,1987-01-01,3.214,
"I Don't Want to Miss a Thing - From ""Armageddon"" Soundtrack",Various Artists,1998-01-01,4.979333333,"Godsmack, The Beatles, Audioslave, Shinedown"
Wanted Dead Or Alive,Bon Jovi,1986-01-01,5.144433333,
Otherside,Red Hot Chili Peppers,1999-01-01,4.256216667,"The Goo Goo Dolls, Linkin Park"
What's The Frequency,R.E.M.,1994-01-01,4.006666667,
"Bizarre Love Triangle - 7"" Remix",Various Artists,2020-01-01,3.752883333,"Grindhouse Hotel, Block Buster, Cold Chisel"
Learn to Fly,Foo Fighters,1999-01-01,392.155,"Rage Against The Machine, Third Eye Blind, New Found Glory, Rage Against The Machine, A Perfect Circle"
Lucy In The Sky With Diamonds - Remastered 2009,The Beatles,1967-01-01,3.474433333,"Neil Young, James Taylor, Elton John, Jefferson Airplane"
Judith,A Perfect Circle,2000-01-01,4.1211,"Weezer, Kenny Loggins, Neutral Milk Hotel, Gorillaz"
25 or 6 to 4 - 2002 Remaster,Chicago,1970-01-01,4.83,Uriah Heep
Have You Ever Seen The Rain,Creedence Clearwater Revival,1970-01-01,2.668883333,Hot Chocolate
Limelight,Rush,1981-01-01,433.065,"The Clash, Metallica, Men At Work, Van Halen, AC/DC"
Breaking the Habit,Linkin Park,2003-01-01,3.281766667,"Barrett Strong, Wolfmother, Nickelback"
The Final Countdown,Europe,1986-01-01,5.172216667,"Depeche Mode, Simple Minds, Phil Collins, The Police, The Black Crowes"
